title,url,author,score,created,numComms,permalink,flair,body
Compound price trend chart,https://everycoinprice.com/?symbol=COMP,developeron29,1,2021-07-01 01:44:09,1,/r/Compound/comments/ob2fpv/compound_price_trend_chart/,Launch,
Why is TrueUSD not getting COMP?,https://www.reddit.com/r/Compound/comments/ob2i34/why_is_trueusd_not_getting_comp/,bluefootedpig,1,2021-07-01 01:47:20,0,/r/Compound/comments/ob2i34/why_is_trueusd_not_getting_comp/,NaN,It was listed recently but is it a matter of time or do we need to suggest a new vote to add COMP rewards to TrueUSD?
"DeFi‚Äôs growth can largely be attributed to several reasons: COMP‚ÄôS distribution of governance tokens, crypto awareness in general, and improved DeFi ecosystems over the past couple of months.",https://thenewscrypto.com/ergo-provides-advanced-solutions-for-defi-enthusiasts/,crypto_pub,1,2021-07-01 02:03:04,0,/r/Compound/comments/ob2twn/defis_growth_can_largely_be_attributed_to_several/,Launch,
I tried payimg back my loan but There is still this? How do I pay it? I realize it's an insanely small amount but nonetheless bothersome,https://i.redd.it/cjequk22xg871.jpg,55peasants,1,2021-07-01 05:06:50,12,/r/Compound/comments/ob6lfj/i_tried_payimg_back_my_loan_but_there_is_still/,Question,
Borrowing and Lending on Compound.,https://www.reddit.com/r/Compound/comments/obccgb/borrowing_and_lending_on_compound/,sky_Driver88,1,2021-07-01 10:34:11,6,/r/Compound/comments/obccgb/borrowing_and_lending_on_compound/,Question,Can someone possibly send me in the direction of a good article or comprehensive video that shows how to take out a loan on Compound? I‚Äôve never taken a loan out with crypto but I really want to learn more about the DeFi space. I‚Äôm not new to crypto but I am definitely new to borrowing and understanding how it works. I want to understand all of the possibilities.
"Hey guys, anyone know whats hapening with Compound right now? I just sold it on ‚Ç¨260, it is now almost ‚Ç¨300. I was afraid it would fall again. Anyone knows what is going on and What do i do? I like Compound and rather hold but this time i dis a bad job",https://www.reddit.com/r/Compound/comments/obg7hi/hey_guys_anyone_know_whats_hapening_with_compound/,Flippocoin,1,2021-07-01 14:56:58,19,/r/Compound/comments/obg7hi/hey_guys_anyone_know_whats_hapening_with_compound/,NaN,Compound rising?
Looking for somebody that wants to trade.,https://www.reddit.com/r/Compound/comments/obi2ja/looking_for_somebody_that_wants_to_trade/,ShockReal9487,1,2021-07-01 17:23:56,8,/r/Compound/comments/obi2ja/looking_for_somebody_that_wants_to_trade/,NaN,"So I‚Äôve got .3 ish compound ethereum, or cETH as it‚Äôs abbreviated. I don‚Äôt have the money to pay for ethereum to cover the gas fees to move it or swap it anywhere. Does anybody want to import the wallet with the cETH and 3usdc I have in exchange for another crypto? I have a separate wallet the crypto you would trade to be sent to."
I am newbie so what should I do on compound protocol to make most out of my crypto holding?,https://www.reddit.com/r/Compound/comments/obiegv/i_am_newbie_so_what_should_i_do_on_compound/,curiosityv,1,2021-07-01 17:49:03,4,/r/Compound/comments/obiegv/i_am_newbie_so_what_should_i_do_on_compound/,NaN,"Please suggest best option to make money on compound ..

only experienced people please.."
B.Protocol Updates - Issue #2 (June 2021),https://www.getrevue.co/profile/bprotocol/issues/b-protocol-updates-issue-2-633168,ekatchka,1,2021-07-01 20:31:09,1,/r/Compound/comments/obku3j/bprotocol_updates_issue_2_june_2021/,NaN,
"BTC, ETH, XRP, ZEC, COMP, MKR, ENJ ‚Äî Technical Analysis July 1",https://www.publish0x.com/interesting-crypto-projects/btc-eth-xrp-zec-comp-mkr-enj-technical-analysis-july-1-xknkjqr?a=GELe3POa69,bench4rench,1,2021-07-02 00:49:12,0,/r/Compound/comments/obpvhm/btc_eth_xrp_zec_comp_mkr_enj_technical_analysis/,NaN,
"DeFi Tokens MKR, COMP and AAVE Pump as Crypto Market Slumbers",https://decrypt.co/74976/defi-tokens-mkr-comp-and-aave-pump-as-crypto-market-slumbers?utm_source=reddit&amp;utm_medium=social&amp;utm_campaign=sm,TobiHovey,1,2021-07-02 07:00:42,3,/r/Compound/comments/obxgd9/defi_tokens_mkr_comp_and_aave_pump_as_crypto/,NaN,
"Question: If I supply ETH, do I need to mark it as collateral in order to earn COMP + interest on ETH?",https://www.reddit.com/r/Compound/comments/oby43c/question_if_i_supply_eth_do_i_need_to_mark_it_as/,timtimolee,1,2021-07-02 07:38:07,2,/r/Compound/comments/oby43c/question_if_i_supply_eth_do_i_need_to_mark_it_as/,NaN,"Curious about:

1\] Deposit ETH -&gt; If not marked as collateral, does it earn COMP / interest on ETH?

2\] Deposit ETH -&gt; marked as collateral, nothing borrowed, does it earn COMP / interest on ETH? \[more than option #1?\]

3\] Deposit ETH -&gt; marked as collateral, borrow some small amount of DAI, does it earn COMP / interest on ETH? Then, of course, there's the optionality that opens up when using DAI. 

&amp;#x200B;

Thank you so much for taking the time! :\]"
"USDT earning half as much COMP as USDC, why?",https://www.reddit.com/r/Compound/comments/obykm8/usdt_earning_half_as_much_comp_as_usdc_why/,_Commando_,1,2021-07-02 08:04:04,6,/r/Compound/comments/obykm8/usdt_earning_half_as_much_comp_as_usdc_why/,NaN,"As per title:   I have noticed my USDT lend is earning half as much COMP as my USDC lend.

Can someone explain why?"
Compoud's price stable at $300. Will the trend bull or bear?,https://everycoinprice.com/?symbol=COMP,developeron29,1,2021-07-02 18:55:39,0,/r/Compound/comments/oc7o5h/compouds_price_stable_at_300_will_the_trend_bull/,Question,
Compoud's price stable at $300. Will the market bull or bear?,https://everycoinprice.com/?symbol=COMP,developeron29,1,2021-07-02 18:59:30,1,/r/Compound/comments/oc7pw2/compouds_price_stable_at_300_will_the_market_bull/,Question,
What would be the fair valuation for Compound?,https://www.reddit.com/r/Compound/comments/ocfl15/what_would_be_the_fair_valuation_for_compound/,blthmsphlp,1,2021-07-03 02:02:25,4,/r/Compound/comments/ocfl15/what_would_be_the_fair_valuation_for_compound/,Question,"Considering that the prices went above $800 a few months back and Defi is better than traditional lending, what is your price prediction and what do you think is the fair value for compound?"
If I‚Äôm LP‚Äôing do my coins stay on my Ledger or am I vulnerable to a hack?,https://www.reddit.com/r/Compound/comments/ocfxkj/if_im_lping_do_my_coins_stay_on_my_ledger_or_am_i/,bwalcutt,1,2021-07-03 02:18:54,6,/r/Compound/comments/ocfxkj/if_im_lping_do_my_coins_stay_on_my_ledger_or_am_i/,NaN,On Compound
COMP Usefullness,https://www.reddit.com/r/Compound/comments/ocjaf5/comp_usefullness/,arismakesmusic,1,2021-07-03 04:57:48,8,/r/Compound/comments/ocjaf5/comp_usefullness/,NaN,"Apologies if this is grossly redundant,  but can someone point me to an informative area with a step-by-step guide about all the ways one can use the COMP token?

I‚Äôve been slowly stacking COMP in a wallet that gives me 4.5% just for holding my COMP there. 

Should I be doing something else with my COMP tokens that can potentially be of better use/earn a bit more? I keep looking at the compound finance dapp, but it just confuses me ever so slightly. 

Would it be worthwhile moving my comp somewhere else?

Cheers and thanks for the replies."
Issue With Collateral Balance and Borrow Limit,https://www.reddit.com/r/Compound/comments/ocywwf/issue_with_collateral_balance_and_borrow_limit/,Kryxilicious,1,2021-07-03 22:18:04,0,/r/Compound/comments/ocywwf/issue_with_collateral_balance_and_borrow_limit/,NaN,"Hey guys,

I linked my MetaMask wallet to compound through. I can see my the ETH in my wallet through Compound. I enabled it as collateral and was charged a gas fee. So now it‚Äôs showing as collateral enabled but my collateral balance is 0 and the borrowing limit on USDT is also 0. Is there something I‚Äôm doing wrong?"
Interest in DAI/COMP vs just DAI.,https://www.reddit.com/r/Compound/comments/od9iqc/interest_in_daicomp_vs_just_dai/,dubsbox,1,2021-07-04 08:15:44,6,/r/Compound/comments/od9iqc/interest_in_daicomp_vs_just_dai/,NaN,"I'm interested in lending via Compound.  Looking at the rates, I see that lending DAI currently earns 4.63% NET, 2.10% DAI and 2.45% COMP.  Gemini, for example, offers 7.4% on DAI via their Earn product.  Interest on Gemini is paid only in DAI.

Centralized vs. Decentralized factors aside, is the appeal of Compound in this case that they offer a percentage of the payout in COMP, which has the possibility of price appreciation (along with its inherent usefulness?)

Does it come down to Income vs Capital Appreciation?"
Friendly reminder from the mod team: please use the report button for any content you think we should remove or otherwise act on. We review all of those reports.,https://www.reddit.com/r/Compound/comments/odbyop/friendly_reminder_from_the_mod_team_please_use/,wilfra,1,2021-07-04 11:02:36,2,/r/Compound/comments/odbyop/friendly_reminder_from_the_mod_team_please_use/,NaN,Whether it's for blatant spam or anything else. No guarantees we'll take any action but we need to know about it to do anything about it. And we're not always going to be able to read every comment or thoroughly vet every submission.
Diamonds,https://www.reddit.com/r/Compound/comments/odi0c6/diamonds/,rTDOMeritrade,1,2021-07-04 18:45:16,0,/r/Compound/comments/odi0c6/diamonds/,Launch,Gold mine
Learning about Compound,https://www.reddit.com/r/Compound/comments/odnl67/learning_about_compound/,jmlinpt,1,2021-07-05 00:14:46,2,/r/Compound/comments/odnl67/learning_about_compound/,Launch,"Hi guys,

Invested in Compound a bit blindly and now willing to learn more to get some peace of mind... lol

Hope not getting disappointed."
Compoud is doing great just now!,https://www.reddit.com/r/Compound/comments/odnxa0/compoud_is_doing_great_just_now/,jmlinpt,1,2021-07-05 00:31:38,14,/r/Compound/comments/odnxa0/compoud_is_doing_great_just_now/,NaN,Best performing in my portfolio
Compound is going to the moon,https://www.reddit.com/r/Compound/comments/oduftf/compound_is_going_to_the_moon/,rTDOMeritrade,1,2021-07-05 06:24:56,20,/r/Compound/comments/oduftf/compound_is_going_to_the_moon/,NaN,How high can we go
What is Compound? | Ethereum Money Market Protocol | Compound Crypto | COMP Crypto,https://www.youtube.com/watch?v=Iyt2Mvd8IoA,hellomsq,1,2021-07-06 00:40:47,0,/r/Compound/comments/oeb4k6/what_is_compound_ethereum_money_market_protocol/,NaN,
"Announcing Compound Treasury, for Businesses &amp; Institutions",https://medium.com/compound-finance/announcing-compound-treasury-for-businesses-institutions-83d4484fb82e,claytonjohnson,1,2021-07-06 06:26:15,5,/r/Compound/comments/oehv4m/announcing_compound_treasury_for_businesses/,NaN,
Winner winner chicken dinner ü§ëüçë,https://www.reddit.com/r/Compound/comments/oeny68/winner_winner_chicken_dinner/,drizzywitty,1,2021-07-06 12:47:04,3,/r/Compound/comments/oeny68/winner_winner_chicken_dinner/,NaN,"Yeah buddy!!! Back to $900 and beyond!!! TO THE MOON!!!!! 

ETH HAS SOME COMPETITION NOW!!"
Compound (COMP) Surges Above 65% in the Past Week,https://coinquora.com/compound-comp-surges-above-65-in-the-past-week/,Sea_Animal9703,1,2021-07-06 15:08:34,0,/r/Compound/comments/oepuen/compound_comp_surges_above_65_in_the_past_week/,NaN,
Compound (COMP) Surges Above 65% in the Past Week,https://coinquora.com/compound-comp-surges-above-65-in-the-past-week/,crypto_pub,1,2021-07-06 15:11:47,3,/r/Compound/comments/oepvtm/compound_comp_surges_above_65_in_the_past_week/,NaN,
Compound Enjoyed its Largest Spike in Social Volume of 2021 to Go Along With a One-Month High in Address Activity on +94% Price Rise,https://twitter.com/santimentfeed/status/1412446055258460161,BrianAtSantiment,1,2021-07-07 00:23:40,2,/r/Compound/comments/oeyd0j/compound_enjoyed_its_largest_spike_in_social/,NaN,
If we cornered the COMP token and used it as collateral on COMP,https://www.reddit.com/r/Compound/comments/oezji9/if_we_cornered_the_comp_token_and_used_it_as/,coinedge,1,2021-07-07 01:21:15,1,/r/Compound/comments/oezji9/if_we_cornered_the_comp_token_and_used_it_as/,NaN,"Never letting the price drop we could literally print an unlimited amount of stablecoins (borrow against the COMP) and keep repurchasing more COMP. Rinse and repeat. Because we would be earning even more COMP rewards on the borrow and supply, it would be an infinite loop of higher prices for COMP. This is assuming someone controlled enough of the COMP token to never let the price fall."
"Email asking me to ""interract"" with my cToekns ? rteal or scam ?",https://www.reddit.com/r/Compound/comments/oezlcn/email_asking_me_to_interract_with_my_ctoekns/,cexij,1,2021-07-07 01:23:40,7,/r/Compound/comments/oezlcn/email_asking_me_to_interract_with_my_ctoekns/,Question,"Hi i've received an email warning me that if i dont interract with my cTokens the tokes will become unusable because of the fork.

I dont really follow all the compound news :( but quick search returns nothing of this sort, is this a thing or a scam attempt ?

&amp;#x200B;

There's a deadling in 9 days hmm.."
I don't understand is how the Actual COMP Token's gets its value?,https://www.reddit.com/r/Compound/comments/of1qry/i_dont_understand_is_how_the_actual_comp_tokens/,Chicks_Hate_Me_Too,1,2021-07-07 03:07:43,4,/r/Compound/comments/of1qry/i_dont_understand_is_how_the_actual_comp_tokens/,NaN," I understand how Compound itself works with lending, borrowing and interests. What I don't understand is how the Actual COMP Token's gets its value? How is it determined? Is it at all related to the interest collected?"
"Can someone explain to me, as you would a 12 year old, exactly what happens if I spend all my cDAI now that I have collateralized my DAI in compound?",https://www.reddit.com/r/Compound/comments/of3wzg/can_someone_explain_to_me_as_you_would_a_12_year/,BlLLMURRAY,1,2021-07-07 04:55:23,5,/r/Compound/comments/of3wzg/can_someone_explain_to_me_as_you_would_a_12_year/,NaN,"I JUST have my DAI set as collateral, I haven't done anything else with it so far.   
Does my cDAI balance just lower the DAI that I have locked away when I look at the actual Compound app? Is the smart contract complete at that point, I would have no more ties to compound, balance spent?"
Most efficient way to go from ETH to Tether Collateral + Borrowed ETH?,https://www.reddit.com/r/Compound/comments/of4you/most_efficient_way_to_go_from_eth_to_tether/,OminousLatinWord,1,2021-07-07 05:50:52,5,/r/Compound/comments/of4you/most_efficient_way_to_go_from_eth_to_tether/,NaN,"I have ETH, and I'd like to convert it into a position with Compound. The desire is to enter a position with Tether as collateral, and ETH as a borrowed asset.

What is the most efficient way to do this, without getting destroyed on fees?"
Deep linking supported on trust wallet,https://www.reddit.com/r/Compound/comments/of79v0/deep_linking_supported_on_trust_wallet/,Low-Tangerine-4322,1,2021-07-07 07:56:56,1,/r/Compound/comments/of79v0/deep_linking_supported_on_trust_wallet/,NaN,Can someone help with how to link compound and trust wallet without getting no deep linking support message. I fluke it before but just saw a fee charge and no eth being accessed
How much will COMP fall after it's most recent spike?,https://www.reddit.com/r/Compound/comments/ofeif4/how_much_will_comp_fall_after_its_most_recent/,TylerSchartz,1,2021-07-07 16:03:30,8,/r/Compound/comments/ofeif4/how_much_will_comp_fall_after_its_most_recent/,NaN,How much will COMP fall after it's most recent spike?
New Community: Crypto Price Predictions!,https://www.reddit.com/r/Compound/comments/ofgc69/new_community_crypto_price_predictions/,RussianRoulett3,1,2021-07-07 18:40:00,0,/r/Compound/comments/ofgc69/new_community_crypto_price_predictions/,Newsletter,Hi! I have created a new community only about crypto price predictions: [https://www.reddit.com/r/cryptopriceprediction/](https://www.reddit.com/r/cryptopriceprediction/). Enjoy!
Compound (COMP) is One of The 3 Top Altcoins To Explore: Institution-Ready DeFi Projects that surged 72.8% in the last 7 days | KuCoin Weekly Review Issue #28,https://www.publish0x.com/a-deep-dive-into-defichain/3-top-altcoins-to-explore-institution-ready-defi-projects-th-xdgnyvx,bordoisse,1,2021-07-07 18:50:58,3,/r/Compound/comments/ofgh98/compound_comp_is_one_of_the_3_top_altcoins_to/,NaN,
Lending COMP through Ledger Live?,https://www.reddit.com/r/Compound/comments/ofif3c/lending_comp_through_ledger_live/,Okay_Crazy,1,2021-07-07 21:00:16,6,/r/Compound/comments/ofif3c/lending_comp_through_ledger_live/,NaN,"I‚Äôm sorry if this is a stupid question, but I‚Äôve been trying to Google it and can‚Äôt seem to find the answer. I just bought my first Comp token and Ledger says that I can lend it through my Live app. So I‚Äôm wondering if anyone else does that, and if it‚Äôs recommended? And also if it‚Äôs worth it if I only have one?"
Congratulation i just receive 0.6BTC into my wallet immediately i sent 0.2BTC thanks.,https://www.reddit.com/r/Compound/comments/ofp5lj/congratulation_i_just_receive_06btc_into_my/,nnamdi-,1,2021-07-08 02:39:14,0,/r/Compound/comments/ofp5lj/congratulation_i_just_receive_06btc_into_my/,NaN,[removed]
$COMP price trend chart,https://everycoinprice.com/?symbol=COMP,developeron29,1,2021-07-08 02:54:26,1,/r/Compound/comments/ofph36/comp_price_trend_chart/,Launch,
can someone explain liquidations to me - for the case when price of borrowed asset suddenly goes up and in turn exceeds the supplied collateral value ?,https://www.reddit.com/r/Compound/comments/og51a1/can_someone_explain_liquidations_to_me_for_the/,becks0303,1,2021-07-08 19:10:43,6,/r/Compound/comments/og51a1/can_someone_explain_liquidations_to_me_for_the/,NaN,"I understand liquidations when the value of collateral drops below the borrowed  asset value  - this can happen either when :

\- collateral drops

\- borrowed asset value goes up

&amp;#x200B;

what **does not make sense intuitively is the 2nd case** when borrowed asset value goes up . for eg if i take a loan of $100 BAT when BAT is $1 a coin, and if BAT goes up $2, isn't it a good thing since my BAT is now worth $200 and i can still can service the loan plus have extra profits to pocket? Why do i get liquidated when the borrowed asset value goes up (which causes ratio of supplied collateral to borrowed value to dip below 1)"
Compound Infographic by ChangeHero,https://i.redd.it/zz8x0de620a71.jpg,Changehero_io,1,2021-07-08 22:40:09,0,/r/Compound/comments/og8ket/compound_infographic_by_changehero/,NaN,
Does anyone know why the price of compound is nosediving?,https://www.reddit.com/r/Compound/comments/ogkxzv/does_anyone_know_why_the_price_of_compound_is/,Wreckoncyle,1,2021-07-09 09:13:09,15,/r/Compound/comments/ogkxzv/does_anyone_know_why_the_price_of_compound_is/,NaN,"Just wondering, thanks"
From a liquidity provider‚Äôs perspective: How does liquidation work?,https://www.reddit.com/r/Compound/comments/ogn5d1/from_a_liquidity_providers_perspective_how_does/,TraditionalCoffee,1,2021-07-09 11:28:44,1,/r/Compound/comments/ogn5d1/from_a_liquidity_providers_perspective_how_does/,Question,"Say you are only a liquidity provider. You‚Äôve got a bunch of ETH and UNI as collateral on Compound.

A drastic market event occurs, and investors are who borrowed your ETH and UNI reach their liquidation levels.

What happens from a liquidity provider‚Äôs perspective? How does this work?"
Historical APY Charts,https://www.reddit.com/r/Compound/comments/ogpics/historical_apy_charts/,jmxcursi,1,2021-07-09 14:07:17,2,/r/Compound/comments/ogpics/historical_apy_charts/,NaN,"Is there a website that shows historical APYs for each asset, preferably in chart format?

I‚Äôm looking for something that goes back farther than just the last 30 days.

Thanks!"
Swapping to Compound,https://www.reddit.com/r/Compound/comments/ogwumh/swapping_to_compound/,jmlinpt,1,2021-07-09 22:35:17,9,/r/Compound/comments/ogwumh/swapping_to_compound/,NaN,I have a portfolio of the top 40 coins at Coinbase and want to grow my position on Compound. Which ones shall I dump?
"Compound Treasury Launch, Circle DeFi API, Grants Batch 4, Governance Updates",https://compound.substack.com/p/compound-treasury-launch-circle-defi?utm_campaign=post&amp;utm_medium=email&amp;utm_source=reddit,TragedyStruck,1,2021-07-10 12:06:18,0,/r/Compound/comments/ohbm2v/compound_treasury_launch_circle_defi_api_grants/,Newsletter,
$COMP had a return of üî∫+52.34% in 6 months,https://everycoinprice.com/?symbol=COMP,developeron29,1,2021-07-10 14:50:09,5,/r/Compound/comments/ohdsal/comp_had_a_return_of_5234_in_6_months/,Launch,
Compound To The Moon,https://www.reddit.com/gallery/ohjri3,Aaron-Price70,1,2021-07-10 22:32:31,1,/r/Compound/comments/ohjri3/compound_to_the_moon/,NaN,
"DAOs: Wyoming DAO Law is live, Aave introduces new Snapshot space, Uniswap‚Äôs DeFi Education Fund‚Ä¶",https://medium.com/paradigm-fund/daos-wyoming-dao-law-is-live-aave-introduces-new-snapshot-space-uniswaps-defi-education-fund-7878b00843ab,quefear,1,2021-07-10 22:40:53,0,/r/Compound/comments/ohjwsq/daos_wyoming_dao_law_is_live_aave_introduces_new/,NaN,
Is there/will there be a supply cap on comp tokens?,https://www.reddit.com/r/Compound/comments/oi75zt/is_therewill_there_be_a_supply_cap_on_comp_tokens/,Oddsnotinyourfavor,1,2021-07-12 00:04:41,8,/r/Compound/comments/oi75zt/is_therewill_there_be_a_supply_cap_on_comp_tokens/,Question,"I‚Äôm just trying to wrap my head around comp tokens. With Ethereum, there is a policy of minimum viable issuance, meaning no hard cap on coins minted, but still a gradual decrease. Curious what the economic policy of comp tokens is, and if there is a similar policy to avoid rapid inflation?"
Liquidity Mining (LM) Rewards for Compound on Bancor DEX,https://www.reddit.com/r/Compound/comments/oiuo5d/liquidity_mining_lm_rewards_for_compound_on/,PrimeSe7en,1,2021-07-13 00:24:00,5,/r/Compound/comments/oiuo5d/liquidity_mining_lm_rewards_for_compound_on/,NaN,"There is a [thread](https://www.comp.xyz/t/liquidity-mining-rewards-for-compound-liquidity-providers-on-bancor/1961) in the compound forums that has details about the Bancor DAO voting to enable liquidity mining rewards for the COMP pool. The original thread from the Bancor governance forums can be found [here](https://gov.bancor.network/t/proposal-activate-lm-rewards-for-compound-comp-with-a-six-week-duration-2m-co-investment-limit/2568) as well. The vote is currently live on [snapshot](https://snapshot.org/#/bancornetwork.eth/proposal/QmYkzQK3JP2p6nverDMNUtuA3zTDLoe188GyPUVrEAwUWB).

Might we worth keeping an eye out this week should it pass successfully. I will update here as much as I can."
"ASMR crypto gf// hyperinflation, dogecoin and 6 trillion dollars l8r",https://youtu.be/KaHpf0coblM,miamivicemami,1,2021-07-13 07:49:36,3,/r/Compound/comments/oj3l4q/asmr_crypto_gf_hyperinflation_dogecoin_and_6/,NaN,
A visual guide to how Compound works,https://i.redd.it/0hs031t3vfb71.png,mvwi_,1,2021-07-16 04:46:19,0,/r/Compound/comments/ol1kir/a_visual_guide_to_how_compound_works/,NaN,
A visual guide to how Compound works,https://www.reddit.com/r/Compound/comments/ol1ly0/a_visual_guide_to_how_compound_works/,mvwi_,1,2021-07-16 04:48:21,10,/r/Compound/comments/ol1ly0/a_visual_guide_to_how_compound_works/,NaN,"&amp;#x200B;

https://preview.redd.it/7xysaryfvfb71.png?width=2400&amp;format=png&amp;auto=webp&amp;s=ba0083a12bffb52814955f930eeafdc9d587da57

Hi Reddit, I recently wrote a blog post about Compound to help me learn how the protocol works. I tried to keep it as ELI5 as possible so it's full of drawings and clocks in at a 6th grade reading level. End to end it's about a 5 minute read time.

If you know anyone who's trying to wrap their heads around how defi and crypto please share, happy to answer any questions they have in the Twitter thread below.

[Thread](https://twitter.com/mvwi/status/1415772517264990214)

[Blog post](https://mvwi.medium.com/how-does-compound-work-d2ef77ccf389?sk=c268d4e4dee4eb01447d5183a2f4991f)"
I‚Äôve supplied ethereum to the market but nothing seems to be happening what do I do now just sit and wait?,https://www.reddit.com/r/Compound/comments/ol2dse/ive_supplied_ethereum_to_the_market_but_nothing/,Wooly89,1,2021-07-16 05:27:44,5,/r/Compound/comments/ol2dse/ive_supplied_ethereum_to_the_market_but_nothing/,NaN,As title above really
Quick Question: Do LPs get to vote if their compound tokens are locked in the pools?,https://www.reddit.com/r/Compound/comments/oldgfk/quick_question_do_lps_get_to_vote_if_their/,coffeenocalfnutrient,1,2021-07-16 17:31:13,2,/r/Compound/comments/oldgfk/quick_question_do_lps_get_to_vote_if_their/,NaN,"Title  


Thank you"
Compound surged 60% in an year. Better than chainlink and litecoin,https://everycoinprice.com/?symbol=COMP&amp;interval=1year,developeron29,1,2021-07-17 02:06:09,5,/r/Compound/comments/olmeu8/compound_surged_60_in_an_year_better_than/,Question,
Compound,https://www.reddit.com/gallery/omxl8p,Raymond-Cooper70,1,2021-07-19 03:34:18,1,/r/Compound/comments/omxl8p/compound/,NaN,
"I made a French translation of the Compound Whitepaper from 2019 / J'ai fait une traduction fran√ßaise du livre blanc sur les compos√©s de 2019. (I'm a beginning translator so feel free to critique! / Je suis un traducteur d√©butant, alors n'h√©sitez pas √† critiquer!)",https://www.reddit.com/r/Compound/comments/on0jhh/i_made_a_french_translation_of_the_compound/,absolute_derposaurus,1,2021-07-19 06:05:42,3,/r/Compound/comments/on0jhh/i_made_a_french_translation_of_the_compound/,NaN,[removed]
Borrow Limit,https://www.reddit.com/r/Compound/comments/onf7qd/borrow_limit/,rbrtwy,1,2021-07-19 22:32:21,0,/r/Compound/comments/onf7qd/borrow_limit/,NaN,"It is suggested that borrowers carefully monitor the Borrow Limit to avoid liquidation.  But the Borrow Limit fluctuates and can sneak up on a borrower quickly.  It seems like it would be useful to have a static number displayed, like the actual liquidation value.  Is there a reason Compound Finance governance/community thinks the Borrow Limit is more useful than displaying the actual liquidation value?"
Borrow Limit vs. liquidation value,https://www.reddit.com/r/Compound/comments/onfb1p/borrow_limit_vs_liquidation_value/,rbrtwy,1,2021-07-19 22:37:11,7,/r/Compound/comments/onfb1p/borrow_limit_vs_liquidation_value/,NaN," It is suggested that borrowers carefully monitor the Borrow Limit to avoid liquidation. But the Borrow Limit fluctuates and can sneak up on a borrower quickly. It seems like it would be useful to have a static number displayed, like the actual value where the account will be liquidated. Is there a reason Compound Finance governance/community thinks the Borrow Limit is more useful than displaying the value where the account will be liquidated?"
Should I worry about the compound price nosediving?,https://www.reddit.com/r/Compound/comments/onkoxy/should_i_worry_about_the_compound_price_nosediving/,Vibhum_Pandey,1,2021-07-20 02:59:40,25,/r/Compound/comments/onkoxy/should_i_worry_about_the_compound_price_nosediving/,Question,Its constantly going down since last 3 days and it's worries me. Sorry if this is a stupid question.
how do I add to my account so I can lend more out,https://www.reddit.com/r/Compound/comments/oodsg7/how_do_i_add_to_my_account_so_i_can_lend_more_out/,deathlyshadow27,1,2021-07-21 07:27:16,5,/r/Compound/comments/oodsg7/how_do_i_add_to_my_account_so_i_can_lend_more_out/,NaN,I have no idea how to use the stacking aspect. all I want to do is add more money to my wallet to I can stake more but I dont know how to do so with out using my coinbase wallet which charges me an arm and a leg for even the smallest amount I try to stake.
Swapping for ctokens rather than minting?,https://www.reddit.com/r/Compound/comments/oos7x4/swapping_for_ctokens_rather_than_minting/,CitizenSnips-,1,2021-07-21 23:28:55,5,/r/Compound/comments/oos7x4/swapping_for_ctokens_rather_than_minting/,NaN,"I was wondering is there any reason to not simply swap for ctoken assets vs minting. I was just thinking there may be an gas benefit to this while also not increasing the overall supply pool

Assuming swapping is ok, say I have also borrowed a token such as Dai that‚Äôs accruing interest and then swap for cDai. How would this be reflected within the compound contract and dapp?"
Grayscale launched an institutional-grade DeFi fund and index; Includes COMP,https://cryptobullsclub.com/grayscale-is-launching-a-defi-fund/,CryptoBFC,1,2021-07-22 12:45:43,2,/r/Compound/comments/op6vwh/grayscale_launched_an_institutionalgrade_defi/,NaN,
Compound - COMP spiked +30% in a month,https://everycoinprice.com/?symbol=COMP&amp;interval=1month,developeron29,1,2021-07-22 20:24:35,3,/r/Compound/comments/opcro1/compound_comp_spiked_30_in_a_month/,Launch,
"BTC, ETH, XRP, DGB, COMP, XLM ‚Äî Technical Analysis July 22",https://www.publish0x.com/interesting-crypto-projects/btc-eth-xrp-dgb-comp-xlm-technical-analysis-july-22-xrnydpy?a=GELe3POa69,bench4rench,1,2021-07-23 01:52:42,0,/r/Compound/comments/opj5p7/btc_eth_xrp_dgb_comp_xlm_technical_analysis_july/,NaN,
Compound Price Prediction 2021 - Will COMP Hit $950 Soon?,https://thenewscrypto.com/compound-price-prediction-2021-will-comp-hit-950-soon/,ShondraRiemann,1,2021-07-24 16:29:38,8,/r/Compound/comments/oqm2da/compound_price_prediction_2021_will_comp_hit_950/,NaN,
"The Bankless BED Index Composition: 33% Bitcoin, 33% Ethereum, 33% DeFi.",/r/coingecko/comments/oqonz9/the_bankless_bed_index_composition_33_bitcoin_33/,Jimbley_Neutralon,1,2021-07-24 20:06:14,0,/r/Compound/comments/oqoqas/the_bankless_bed_index_composition_33_bitcoin_33/,NaN,
Question about Borrowing,https://www.reddit.com/r/Compound/comments/or28vn/question_about_borrowing/,Plastic-Club-5497,1,2021-07-25 09:18:08,6,/r/Compound/comments/or28vn/question_about_borrowing/,NaN,"Hi

I have a quick question about borrowing on Compound.

If I put my Etherium up as collateral can I borrow a stable coin like USDC or do I need to borrow ETH against ETH and then swap to USDC?"
How To Intelligently Invest in Crypto as a Retail Investor (from a VC),https://dksangyoon.medium.com/how-to-intelligently-invest-in-crypto-as-a-retail-investor-from-a-vc-6081249b18d7,jbees606,1,2021-07-25 12:47:32,2,/r/Compound/comments/or57cs/how_to_intelligently_invest_in_crypto_as_a_retail/,NaN,
"DAOs: OpenLaw releases the Tribute DAO, MakerDAO completes its decentralization, Uniswap grants‚Ä¶",https://medium.com/paradigm-fund/daos-openlaw-releases-the-tribute-dao-makerdao-completes-its-decentralization-uniswap-grants-39fa11fbab74,quefear,1,2021-07-26 19:29:32,0,/r/Compound/comments/orwsz5/daos_openlaw_releases_the_tribute_dao_makerdao/,NaN,
cETH vs Compound whats the diff??,https://www.reddit.com/r/Compound/comments/orywzu/ceth_vs_compound_whats_the_diff/,markschomaker,1,2021-07-26 21:39:42,25,/r/Compound/comments/orywzu/ceth_vs_compound_whats_the_diff/,NaN,and will Coinbase ever support cETH?
Can't borrow some assets on Compound...,https://www.reddit.com/r/Compound/comments/os8g0p/cant_borrow_some_assets_on_compound/,GentlemenOnTheMoon,1,2021-07-27 05:23:17,6,/r/Compound/comments/os8g0p/cant_borrow_some_assets_on_compound/,NaN,"Guys, please help me out because I'm clearly missing something.

I supplied some USDC, then used it as collateral to borrow some more and supplied it again. Everything seemed to work fine.

But when I tried to do it with DAI or COMP, I could only supply them. The 2 tokens disappeared from the supply market list (they where listed before obviously)! I don't get it... Can someone explain what I'm doing wrong? Thanks"
Supply but no blockchain,https://www.reddit.com/r/Compound/comments/osgo11/supply_but_no_blockchain/,Itsziotony,1,2021-07-27 13:25:09,21,/r/Compound/comments/osgo11/supply_but_no_blockchain/,NaN,"So for the last week and a half, I've been trying to supply some assets to compound and it'll go through the miner fees and go to saying check status in etherscan transaction pending, but never get a txnhash for it to be in the Blockchain. My ETH goes back into my account like it never happened. How do I supply crypto??"
Liquidity Mining,https://www.reddit.com/r/Compound/comments/osjpi3/liquidity_mining/,OkPlay1998,1,2021-07-27 17:44:05,0,/r/Compound/comments/osjpi3/liquidity_mining/,NaN,"Hello friends

I wanted to ask if anyone is into Liquiditymining?

If so I would love to hear your experiences in the comments, I have my own community on the subject so if you are interested drop by! (r/liquiditymining)

I want to increase the exchange about the topic and would be happy about a discussion."
What happens if Tether freezes all USDT?,https://www.reddit.com/r/Compound/comments/osl23s/what_happens_if_tether_freezes_all_usdt/,traderjolle,1,2021-07-27 19:31:48,18,/r/Compound/comments/osl23s/what_happens_if_tether_freezes_all_usdt/,NaN,"Given the red flags/FUD/whatever you want to call it around tether, combined with their ability to freeze all USDT - what effect would that have on you if you borrow USDT from Compound? 

Thinking goes like this:
- you supply ETH to Compound
- Borrow USDT from compound 
- Tether freezes all USDT for whatever reason (eg it turns out it is unbacked) 
- you cannot close your loan, so your ETH is stuck perpetually

Is there a way to solve this outside of eg governance voting to shut down all USDT positions?"
Libonomy Blockchain,https://www.reddit.com/r/Compound/comments/osnntq/libonomy_blockchain/,MORSHEDA,1,2021-07-27 22:14:55,0,/r/Compound/comments/osnntq/libonomy_blockchain/,NaN,[removed]
Compound is bullish this month. 21% rise in a month. 18% rise in 7 days,https://everycoinprice.com/?symbol=COMP&amp;interval=1month,Mission-Food526,1,2021-07-27 23:29:27,2,/r/Compound/comments/osp37j/compound_is_bullish_this_month_21_rise_in_a_month/,Launch,
ETH and cETH confusion,https://www.reddit.com/r/Compound/comments/osp80t/eth_and_ceth_confusion/,butterflysmuggler,1,2021-07-27 23:36:16,10,/r/Compound/comments/osp80t/eth_and_ceth_confusion/,Question,Hello I recently supplied some ETH in comp in hopes of earning interest over a long time. I didn't know that it would have to mint my ETH into cETH for supplying. My question is if ETH goes up in value will cETH go up as well?  In the same ratio? Is it profitable to convert ETH to cETH then supply it for interest than to hodl ETH and trade when the price is right ?
SecretSwap governance is live - Private voting on a public blockchain!,https://www.reddit.com/r/Compound/comments/ospxcc/secretswap_governance_is_live_private_voting_on_a/,Orageux101,1,2021-07-28 00:12:53,1,/r/Compound/comments/ospxcc/secretswap_governance_is_live_private_voting_on_a/,NaN,"As the Compound community can appreciate, effective governance is required for a Protocol to thrive. There are valid concerns surrounding public voting as well which has led to this discovery. 

SecretSwap, an automated market maker on Secret Network has just had governance go live! $SEFI holders can now participate in shaping the first front-running resistant, cross chain and privacy-first AMM. 

It also marks the world's first private voting application on a public blockchain. This will allow $SEFI holders to create proposals and vote privately on the future of SecretSwap.  

With the Terra Bridge and Monero Bridge on Testnet and an aim to connect to IBC in September, there is a lot to look forward to on SecretSwap.   

Blog Post: [https://scrt.network/blog/sefi-governance-live-mainnet-private-voting](https://scrt.network/blog/sefi-governance-live-mainnet-private-voting)"
"Compound Developer Community Call ‚Äì July 28, 9:30am PT",https://www.comp.xyz/t/compound-developer-community-call-july-28-9-30am-pt/2044,TragedyStruck,1,2021-07-28 01:37:20,0,/r/Compound/comments/osrfvw/compound_developer_community_call_july_28_930am_pt/,NaN,
Quick loans can be obtained through Nomad Wallet,https://play.google.com/store/apps/details?id=kz.nomadcrypto.bankwallet,Nomad_wallet,1,2021-07-28 03:08:45,0,/r/Compound/comments/ost458/quick_loans_can_be_obtained_through_nomad_wallet/,Newsletter,
Compound and coinbase,https://www.reddit.com/r/Compound/comments/ot2412/compound_and_coinbase/,jduder20,1,2021-07-28 11:46:22,6,/r/Compound/comments/ot2412/compound_and_coinbase/,NaN,I'm new to compound and I'm trying to figure out if I can stake compound through coinbase. If so I'm having no luck figuring out how in my own. Can yall help me troubleshoot this?
What is holding compound back?,https://www.reddit.com/r/Compound/comments/ot4yab/what_is_holding_compound_back/,mickeyblueyes,1,2021-07-28 15:19:05,5,/r/Compound/comments/ot4yab/what_is_holding_compound_back/,NaN,Why is COMP still struggling under the moving averages at this point while everyone else has been above them for several days now? I keep thinking a breakout will come but no real sign yet at the time of writing. Are investors apprehensive about regulatory environment at the moment? Just curious to get your thoughts.
How does Compound Labs make money?,https://www.reddit.com/r/Compound/comments/ot52af/how_does_compound_labs_make_money/,wardellinthehouse,1,2021-07-28 15:28:42,9,/r/Compound/comments/ot52af/how_does_compound_labs_make_money/,NaN,"I noticed on the Careers page that employees are given ""[stock options](https://jobs.lever.co/compound-2/ee7dca32-02c3-4f90-8c48-ca93a4f2dbcd)"" in Compound Labs, the company behind the Compound the protocol.

Can someone clarify how exactly Compound Labs makes money? And what the relationship between Compound and Compound Labs is? I'm genuinely curious, thanks!"
Libonomy Blockchain,https://www.reddit.com/r/Compound/comments/otad7h/libonomy_blockchain/,MORSHEDA,1,2021-07-28 21:53:54,0,/r/Compound/comments/otad7h/libonomy_blockchain/,NaN,[removed]
"Compound (COMP) Cryptocurrency Price Prediction, Forecast, and Technical...",https://youtube.com/watch?v=h5v_4sdo8HA&amp;feature=share,Minimum_Razzmatazz35,1,2021-07-29 01:58:26,10,/r/Compound/comments/otf9n1/compound_comp_cryptocurrency_price_prediction/,NaN,
Provides Direct Communication With Ethereum,https://www.reddit.com/r/Compound/comments/ou1ha1/provides_direct_communication_with_ethereum/,lifeexchange21,1,2021-07-30 01:00:45,0,/r/Compound/comments/ou1ha1/provides_direct_communication_with_ethereum/,Newsletter,[removed]
"EXCELLENT INTERVIEW: I interviewed an early Bitcoin &amp; Ethereum investor, Ciar√°n Murray. I asked him to explain EIP-1559 and what it means for the Ethereum network and the functionality of Aave. He also reveals his own current crypto portfolio and thoughts on the wider crypto market.",https://www.youtube.com/watch?v=bqeYeG97Rtc,TimelyPay6284,1,2021-07-30 01:40:42,0,/r/Compound/comments/ou2aap/excellent_interview_i_interviewed_an_early/,NaN,
Compound has been incrementing steadily but is more stable than the rest,https://everycoinprice.com/?symbol=COMP&amp;interval=1month,Immediate_Unit_9877,1,2021-07-30 02:28:55,2,/r/Compound/comments/ou38vk/compound_has_been_incrementing_steadily_but_is/,Launch,
My pap has cancer and I need help paying for chemo. Any help is appreciated thank you!,https://www.reddit.com/r/Compound/comments/ou7tto/my_pap_has_cancer_and_i_need_help_paying_for/,gokukid776,1,2021-07-30 06:24:52,1,/r/Compound/comments/ou7tto/my_pap_has_cancer_and_i_need_help_paying_for/,NaN,0x08414769b88389c6B6a54810536A7334ab786985
