all_awardings,allow_live_comments,author,author_flair_css_class,author_flair_richtext,author_flair_text,author_flair_type,author_fullname,author_patreon_flair,author_premium,awarders,can_mod_post,contest_mode,created_utc,domain,full_link,gildings,id,is_crosspostable,is_meta,is_original_content,is_reddit_media_domain,is_robot_indexable,is_self,is_video,link_flair_background_color,link_flair_richtext,link_flair_text_color,link_flair_type,locked,media_only,no_follow,num_comments,num_crossposts,over_18,parent_whitelist_status,permalink,pinned,post_hint,preview,pwls,removed_by_category,retrieved_on,score,selftext,send_replies,spoiler,stickied,subreddit,subreddit_id,subreddit_subscribers,subreddit_type,suggested_sort,thumbnail,title,total_awards_received,treatment_tags,upvote_ratio,url,whitelist_status,wls,media,media_embed,secure_media,secure_media_embed,thumbnail_height,thumbnail_width,url_overridden_by_dest,link_flair_template_id,link_flair_text
[],False,MotherPop9,,[],,text,t2_6bqiee73,False,False,[],False,False,1615685268,self.MakerDAO,https://www.reddit.com/r/MakerDAO/comments/m4kn44/climatrade_e_carbono/,{},m4kn44,False,False,False,False,False,True,False,,[],dark,text,False,False,True,0,0,False,all_ads,/r/MakerDAO/comments/m4kn44/climatrade_e_carbono/,False,self,"{'enabled': False, 'images': [{'id': '2ftDPasa5HICnz9DjnDPi87hgYQR-IA5HkFc-mkcD0M', 'resolutions': [{'height': 90, 'url': 'https://external-preview.redd.it/Gz0zOMq_JjiDS-Ad7xwPOaKpWK6rM_5XhGO8Q_hkyBw.jpg?width=108&amp;crop=smart&amp;auto=webp&amp;s=3c35558f4d02636eaf1e62a875b0e4333f4d0e4d', 'width': 108}, {'height': 180, 'url': 'https://external-preview.redd.it/Gz0zOMq_JjiDS-Ad7xwPOaKpWK6rM_5XhGO8Q_hkyBw.jpg?width=216&amp;crop=smart&amp;auto=webp&amp;s=eefd886f3b95256595e2ac7a77cd9fbd89fdcbff', 'width': 216}], 'source': {'height': 214, 'url': 'https://external-preview.redd.it/Gz0zOMq_JjiDS-Ad7xwPOaKpWK6rM_5XhGO8Q_hkyBw.jpg?auto=webp&amp;s=10d34235d0b009867e1aa278f6a05578586ae91f', 'width': 256}, 'variants': {}}]}",6,reddit,1615686722,1,[removed],True,False,False,MakerDAO,t5_39kou,22876,public,confidence,self,ClimaTrade e carbono,0,[],1.0,https://www.reddit.com/r/MakerDAO/comments/m4kn44/climatrade_e_carbono/,all_ads,6,,,,,,,,,
[],False,Fine_Crow6267,,[],,text,t2_a0min57t,False,False,[],False,False,1615651805,self.MakerDAO,https://www.reddit.com/r/MakerDAO/comments/m49ajk/as_of_13_march_2021_while_creating_a_vault_and/,{},m49ajk,True,False,False,False,True,True,False,,[],dark,text,False,False,True,4,0,False,all_ads,/r/MakerDAO/comments/m49ajk/as_of_13_march_2021_while_creating_a_vault_and/,False,,,6,,1615651957,1,,True,False,False,MakerDAO,t5_39kou,22860,public,confidence,self,As of 13 march 2021 while creating a vault and then trying to transfer 25 Eth into it I noticed a $940 miners fee. Please can someone let me know if this is correct?,0,[],1.0,https://www.reddit.com/r/MakerDAO/comments/m49ajk/as_of_13_march_2021_while_creating_a_vault_and/,all_ads,6,,,,,,,,,
[],False,cuffia_azzurra_2,,[],,text,t2_a1cdt4it,False,False,[],False,False,1615629490,youtu.be,https://www.reddit.com/r/MakerDAO/comments/m43cm1/top_15_cryptocurrency_by_market_capitalization/,{},m43cm1,True,False,False,False,True,False,False,,[],dark,text,False,False,True,0,0,False,all_ads,/r/MakerDAO/comments/m43cm1/top_15_cryptocurrency_by_market_capitalization/,False,rich:video,"{'enabled': False, 'images': [{'id': '0fo-W21hLXFLvNoczwQUFDG8KohM_ZsFuF5QP8jeOrk', 'resolutions': [{'height': 81, 'url': 'https://external-preview.redd.it/mK9_CKE_LacTQvAJdtX_DjO2xxgKwwqYPd-p2XDx4cc.jpg?width=108&amp;crop=smart&amp;auto=webp&amp;s=04a0a1b4474665c71c3ce7d59d6562f47eb4f7f9', 'width': 108}, {'height': 162, 'url': 'https://external-preview.redd.it/mK9_CKE_LacTQvAJdtX_DjO2xxgKwwqYPd-p2XDx4cc.jpg?width=216&amp;crop=smart&amp;auto=webp&amp;s=d9d95317ddd627b42b383dc7217eb2958ecee9a3', 'width': 216}, {'height': 240, 'url': 'https://external-preview.redd.it/mK9_CKE_LacTQvAJdtX_DjO2xxgKwwqYPd-p2XDx4cc.jpg?width=320&amp;crop=smart&amp;auto=webp&amp;s=fe04a91d08c6ed2477a704629a41289e2992fa4f', 'width': 320}], 'source': {'height': 360, 'url': 'https://external-preview.redd.it/mK9_CKE_LacTQvAJdtX_DjO2xxgKwwqYPd-p2XDx4cc.jpg?auto=webp&amp;s=d62d20a9eec28181d228e3bc63d8c04acb76bc3f', 'width': 480}, 'variants': {}}]}",6,,1615629500,1,,True,False,False,MakerDAO,t5_39kou,22856,public,confidence,https://b.thumbs.redditmedia.com/jd1aHyAtBjt-fbHnpZS0CZYNx8dW10F-5NJzSCsJN5w.jpg,Top 15 Cryptocurrency by Market Capitalization - 2013/2021,0,[],1.0,https://youtu.be/EUQn0QyC1U4,all_ads,6,"{'oembed': {'author_name': 'Statistics and data', 'author_url': 'https://www.youtube.com/c/Statisticsanddata', 'height': 200, 'html': '&lt;iframe width=""267"" height=""200"" src=""https://www.youtube.com/embed/EUQn0QyC1U4?feature=oembed&amp;enablejsapi=1"" frameborder=""0"" allow=""accelerometer; autoplay; clipboard-write; encrypted-media; gyroscope; picture-in-picture"" allowfullscreen&gt;&lt;/iframe&gt;', 'provider_name': 'YouTube', 'provider_url': 'https://www.youtube.com/', 'thumbnail_height': 360, 'thumbnail_url': 'https://i.ytimg.com/vi/EUQn0QyC1U4/hqdefault.jpg', 'thumbnail_width': 480, 'title': 'Top 15 Cryptocurrency by Market Capitalization - 2013/2021', 'type': 'video', 'version': '1.0', 'width': 267}, 'type': 'youtube.com'}","{'content': '&lt;iframe width=""267"" height=""200"" src=""https://www.youtube.com/embed/EUQn0QyC1U4?feature=oembed&amp;enablejsapi=1"" frameborder=""0"" allow=""accelerometer; autoplay; clipboard-write; encrypted-media; gyroscope; picture-in-picture"" allowfullscreen&gt;&lt;/iframe&gt;', 'height': 200, 'scrolling': False, 'width': 267}","{'oembed': {'author_name': 'Statistics and data', 'author_url': 'https://www.youtube.com/c/Statisticsanddata', 'height': 200, 'html': '&lt;iframe width=""267"" height=""200"" src=""https://www.youtube.com/embed/EUQn0QyC1U4?feature=oembed&amp;enablejsapi=1"" frameborder=""0"" allow=""accelerometer; autoplay; clipboard-write; encrypted-media; gyroscope; picture-in-picture"" allowfullscreen&gt;&lt;/iframe&gt;', 'provider_name': 'YouTube', 'provider_url': 'https://www.youtube.com/', 'thumbnail_height': 360, 'thumbnail_url': 'https://i.ytimg.com/vi/EUQn0QyC1U4/hqdefault.jpg', 'thumbnail_width': 480, 'title': 'Top 15 Cryptocurrency by Market Capitalization - 2013/2021', 'type': 'video', 'version': '1.0', 'width': 267}, 'type': 'youtube.com'}","{'content': '&lt;iframe width=""267"" height=""200"" src=""https://www.youtube.com/embed/EUQn0QyC1U4?feature=oembed&amp;enablejsapi=1"" frameborder=""0"" allow=""accelerometer; autoplay; clipboard-write; encrypted-media; gyroscope; picture-in-picture"" allowfullscreen&gt;&lt;/iframe&gt;', 'height': 200, 'media_domain_url': 'https://www.redditmedia.com/mediaembed/m43cm1', 'scrolling': False, 'width': 267}",105.0,140.0,https://youtu.be/EUQn0QyC1U4,,
[],False,mariouy1986,,[],,text,t2_5qie15z,False,False,[],False,False,1615599638,vote.makerdao.com,https://www.reddit.com/r/MakerDAO/comments/m3wcnu/march_12th_executive_vote/,{},m3wcnu,True,False,False,False,True,False,False,,[],dark,text,False,False,True,0,0,False,all_ads,/r/MakerDAO/comments/m3wcnu/march_12th_executive_vote/,False,,,6,,1615599648,1,,True,False,True,MakerDAO,t5_39kou,22844,public,confidence,default,March 12th: Executive Vote,0,[],1.0,https://vote.makerdao.com/executive/stability-fee-changes-onboarding-eth-c?network=mainnet#proposal-detail,all_ads,6,,,,,,,https://vote.makerdao.com/executive/stability-fee-changes-onboarding-eth-c?network=mainnet#proposal-detail,c4b4fdfc-7f09-11e8-b44d-0e7fe776cf46,Governance
[],False,MotherPop9,,[],,text,t2_6bqiee73,False,False,[],False,False,1615597952,self.MakerDAO,https://www.reddit.com/r/MakerDAO/comments/m3vw6r/governança_urbana/,{},m3vw6r,False,False,False,False,False,True,False,,[],dark,text,False,False,True,0,0,False,all_ads,/r/MakerDAO/comments/m3vw6r/governança_urbana/,False,self,"{'enabled': False, 'images': [{'id': '2ftDPasa5HICnz9DjnDPi87hgYQR-IA5HkFc-mkcD0M', 'resolutions': [{'height': 90, 'url': 'https://external-preview.redd.it/Gz0zOMq_JjiDS-Ad7xwPOaKpWK6rM_5XhGO8Q_hkyBw.jpg?width=108&amp;crop=smart&amp;auto=webp&amp;s=3c35558f4d02636eaf1e62a875b0e4333f4d0e4d', 'width': 108}, {'height': 180, 'url': 'https://external-preview.redd.it/Gz0zOMq_JjiDS-Ad7xwPOaKpWK6rM_5XhGO8Q_hkyBw.jpg?width=216&amp;crop=smart&amp;auto=webp&amp;s=eefd886f3b95256595e2ac7a77cd9fbd89fdcbff', 'width': 216}], 'source': {'height': 214, 'url': 'https://external-preview.redd.it/Gz0zOMq_JjiDS-Ad7xwPOaKpWK6rM_5XhGO8Q_hkyBw.jpg?auto=webp&amp;s=10d34235d0b009867e1aa278f6a05578586ae91f', 'width': 256}, 'variants': {}}]}",6,reddit,1615597962,1,[removed],True,False,False,MakerDAO,t5_39kou,22843,public,confidence,self,Governança urbana,0,[],1.0,https://www.reddit.com/r/MakerDAO/comments/m3vw6r/governança_urbana/,all_ads,6,,,,,,,,,
[],False,hugo4000,,[],,text,t2_re4t67,False,False,[],False,False,1615579038,self.MakerDAO,https://www.reddit.com/r/MakerDAO/comments/m3pp1x/happy_black_thursday_anniversary/,{},m3pp1x,True,False,False,False,True,True,False,,[],dark,text,False,False,True,8,0,False,all_ads,/r/MakerDAO/comments/m3pp1x/happy_black_thursday_anniversary/,False,,,6,,1615579049,1,"1 year ago my Oasis Vault got liquidated (100%, instead of the 13% advertised) due to a huge market crash, an impossibly congested ethereum network and above all Maker allowing zero bid auctions. 

The community then voted to not compensate those who unfairly suffered heavy losses, not letting them recoup even 10% of what they lost. Nothing. 

I lost 105 ETH, nearly $185k now. 

Share your loss so we can all remember what happened",True,False,False,MakerDAO,t5_39kou,22834,public,confidence,self,Happy Black Thursday Anniversary !,0,[],1.0,https://www.reddit.com/r/MakerDAO/comments/m3pp1x/happy_black_thursday_anniversary/,all_ads,6,,,,,,,,,
[],False,MambaM3ntality,,[],,text,t2_1v5xcsdu,False,False,[],False,False,1615569702,blog.sportx.bet,https://www.reddit.com/r/MakerDAO/comments/m3mcea/dai_prediction_market_sportx_launches_new_update/,{},m3mcea,True,False,False,False,True,False,False,,[],dark,text,False,False,True,0,0,False,all_ads,/r/MakerDAO/comments/m3mcea/dai_prediction_market_sportx_launches_new_update/,False,link,"{'enabled': False, 'images': [{'id': 'Ceb7405sJ-b37eWwGTvsZGyD3CYqUZx4dxHTuQQ0M6U', 'resolutions': [{'height': 54, 'url': 'https://external-preview.redd.it/8GzYoCT3POYc9_Am8IQFmwW-cmnpbsDHCBULctZNfoU.jpg?width=108&amp;crop=smart&amp;auto=webp&amp;s=b36438fc308063d5b0884333728a438b84a24448', 'width': 108}, {'height': 108, 'url': 'https://external-preview.redd.it/8GzYoCT3POYc9_Am8IQFmwW-cmnpbsDHCBULctZNfoU.jpg?width=216&amp;crop=smart&amp;auto=webp&amp;s=7f3473e9a2294d2c7bee203f5101464f803c3940', 'width': 216}, {'height': 160, 'url': 'https://external-preview.redd.it/8GzYoCT3POYc9_Am8IQFmwW-cmnpbsDHCBULctZNfoU.jpg?width=320&amp;crop=smart&amp;auto=webp&amp;s=058d812186ed5ba28f2eadf742675fb8b448480b', 'width': 320}, {'height': 321, 'url': 'https://external-preview.redd.it/8GzYoCT3POYc9_Am8IQFmwW-cmnpbsDHCBULctZNfoU.jpg?width=640&amp;crop=smart&amp;auto=webp&amp;s=b7b0e01676e9c131645332461d781b4ba9dbc187', 'width': 640}, {'height': 481, 'url': 'https://external-preview.redd.it/8GzYoCT3POYc9_Am8IQFmwW-cmnpbsDHCBULctZNfoU.jpg?width=960&amp;crop=smart&amp;auto=webp&amp;s=46ed06fa6f6567374505f9a1da0c49588599d136', 'width': 960}, {'height': 541, 'url': 'https://external-preview.redd.it/8GzYoCT3POYc9_Am8IQFmwW-cmnpbsDHCBULctZNfoU.jpg?width=1080&amp;crop=smart&amp;auto=webp&amp;s=64b4b16b7fe4b71d7e288842577e9feb33c303cc', 'width': 1080}], 'source': {'height': 602, 'url': 'https://external-preview.redd.it/8GzYoCT3POYc9_Am8IQFmwW-cmnpbsDHCBULctZNfoU.jpg?auto=webp&amp;s=8c0ef573ea87002c20dfd8cfb4d4f1cb56e37994', 'width': 1200}, 'variants': {}}]}",6,,1615569713,1,,True,False,False,MakerDAO,t5_39kou,22831,public,confidence,https://b.thumbs.redditmedia.com/GUCnKYVESJR6jfujB9G-BlW8cixbo50whe1oMMTunwc.jpg,DAI prediction market SportX launches new update including Crypto Price Betting Markets!,0,[],1.0,https://blog.sportx.bet/sportx-v5-the-trading-upgrade-3c6bd5c18623,all_ads,6,,,,,70.0,140.0,https://blog.sportx.bet/sportx-v5-the-trading-upgrade-3c6bd5c18623,,
[],False,MadsGrenaa,,[],,text,t2_p6z61,False,False,[],False,False,1615541053,i.redd.it,https://www.reddit.com/r/MakerDAO/comments/m3e1j6/happy_100m_revenue_for_maker_that_is_a_big_corner/,{},m3e1j6,True,False,False,True,True,False,False,,[],dark,text,False,False,True,31,0,False,all_ads,/r/MakerDAO/comments/m3e1j6/happy_100m_revenue_for_maker_that_is_a_big_corner/,False,image,"{'enabled': True, 'images': [{'id': '7Bp6Xh_f8rM4S_HX7yKWYux50CFYodH582CcUvVMODI', 'resolutions': [{'height': 132, 'url': 'https://preview.redd.it/qfffhf2bfkm61.png?width=108&amp;crop=smart&amp;auto=webp&amp;s=6878e962a3055c5890f5b1c043347b4db0d745f9', 'width': 108}, {'height': 264, 'url': 'https://preview.redd.it/qfffhf2bfkm61.png?width=216&amp;crop=smart&amp;auto=webp&amp;s=a144e60904339a1e5cce9e4d77170926b1755a89', 'width': 216}, {'height': 391, 'url': 'https://preview.redd.it/qfffhf2bfkm61.png?width=320&amp;crop=smart&amp;auto=webp&amp;s=3e72b86e2cc889b5ffbf724a96a73704cc0eacbb', 'width': 320}, {'height': 782, 'url': 'https://preview.redd.it/qfffhf2bfkm61.png?width=640&amp;crop=smart&amp;auto=webp&amp;s=c00050477be9e63e72b9df79c12160a8de74906d', 'width': 640}, {'height': 1174, 'url': 'https://preview.redd.it/qfffhf2bfkm61.png?width=960&amp;crop=smart&amp;auto=webp&amp;s=73d76295d2a7786a745fe10d34f9356947292f86', 'width': 960}, {'height': 1320, 'url': 'https://preview.redd.it/qfffhf2bfkm61.png?width=1080&amp;crop=smart&amp;auto=webp&amp;s=d1893edb1100ec4d474528b9863a7b60dc6bd593', 'width': 1080}], 'source': {'height': 2270, 'url': 'https://preview.redd.it/qfffhf2bfkm61.png?auto=webp&amp;s=e7fa9f6449c51c23c07618ac0a919e875aff351d', 'width': 1856}, 'variants': {}}]}",6,,1615541063,1,,True,False,False,MakerDAO,t5_39kou,22819,public,confidence,https://b.thumbs.redditmedia.com/tkTZeLIzulBqB0obIFNzkUmhTdshUGxD_8sEZJyGLMg.jpg,Happy $100m revenue for Maker. That is a big corner to turn.,0,[],1.0,https://i.redd.it/qfffhf2bfkm61.png,all_ads,6,,,,,140.0,140.0,https://i.redd.it/qfffhf2bfkm61.png,,
[],False,janiribf,,[],,text,t2_9hsyd697,False,False,[],False,False,1615535405,iqmining.me,https://www.reddit.com/r/MakerDAO/comments/m3ctrl/cloud_mining_bitcoin_ethereum_altcoins_iq_mining/,{},m3ctrl,True,False,False,False,True,False,False,,[],dark,text,False,False,True,0,0,False,all_ads,/r/MakerDAO/comments/m3ctrl/cloud_mining_bitcoin_ethereum_altcoins_iq_mining/,False,,,6,,1615535415,1,,True,False,False,MakerDAO,t5_39kou,22818,public,confidence,default,"Cloud Mining. Bitcoin, Ethereum, Altcoins. IQ Mining",0,[],1.0,http://iqmining.me,all_ads,6,,,,,,,http://iqmining.me,,
[],False,TotalCleanFBC,,[],,text,t2_9il74a24,False,False,[],False,False,1615524768,self.MakerDAO,https://www.reddit.com/r/MakerDAO/comments/m3a3f2/makerdao_needs_to_combine_all_collateral_into_a/,{},m3a3f2,True,False,False,False,True,True,False,,[],dark,text,False,False,True,6,0,False,all_ads,/r/MakerDAO/comments/m3a3f2/makerdao_needs_to_combine_all_collateral_into_a/,False,,,6,,1615524779,1,"If you deposit multiple forms of collateral onto Aave or Compound you can borrow DAI against the entire ""bucket"" of assets.  By contrast, on MakerDAO, every form of collateral is it's own bucket.  This makes risk management much more difficult.

Does anybody know if there are plans to upgrade the protocol to mint DAI from a basket of collateral rather than having individual vaults for every form of collateral?  Such an upgrade would vastly improve the usability of MakerDAO.",True,False,False,MakerDAO,t5_39kou,22815,public,confidence,self,MakerDAO needs to combine all collateral into a single bucket,0,[],1.0,https://www.reddit.com/r/MakerDAO/comments/m3a3f2/makerdao_needs_to_combine_all_collateral_into_a/,all_ads,6,,,,,,,,,
